Season,Game,Date,Location,Opponent,Result,Kings_Score,Opp_Score,W,L,Streak,SAC_Pace,SAC_eFG%,SAC_TOV%,SAC_ORB%,SAC_FT/FGA,SAC_ORtg,Opp_Pace,Opp_eFG%,Opp_TOV%,Opp_ORB%,Opp_FT/FGA,Opp_ORtg
"""2020-2021""",1,Wed Dec 23 2020,Away,Denver Nuggets,Win,124,122,1,0,W 1,99.1,0.49,10.8,33.3,0.235,113.3,99.1,0.52,12.1,21.7,0.204,111.5
"""2020-2021""",2,Sat Dec 26 2020,Home,Phoenix Suns,Win,106,103,2,0,W 2,101.3,0.483,15.2,33.3,0.267,104.6,101.3,0.474,9.6,19.6,0.102,101.6
"""2020-2021""",3,Sun Dec 27 2020,Home,Phoenix Suns,Loss,100,116,2,1,L 1,97.9,0.539,14.7,7.7,0.237,102.2,97.9,0.564,8.3,18.2,0.106,118.5
"""2020-2021""",4,Tue Dec 29 2020,Home,Denver Nuggets,Win,125,115,3,1,W 1,99.1,0.574,8.8,27.3,0.181,126.2,99.1,0.611,17.5,21.9,0.198,116.1
"""2020-2021""",5,Thu Dec 31 2020,Away,Houston Rockets,Loss,119,122,3,2,L 1,104.2,0.526,12.3,28.6,0.188,114.3,104.2,0.599,15.7,24.4,0.221,117.1
"""2020-2021""",6,Sat Jan 2 2021,Away,Houston Rockets,Loss,94,102,3,3,L 2,96.7,0.439,12.4,25,0.167,97.2,96.7,0.525,12.5,15.4,0.21,105.4
"""2020-2021""",7,Mon Jan 4 2021,Away,Golden State Warriors,Loss,106,137,3,4,L 3,109,0.433,11.6,19.6,0.311,97.2,109,0.644,9.6,6.8,0.124,125.6
"""2020-2021""",8,Wed Jan 6 2021,Home,Chicago Bulls,Win,128,124,4,4,W 1,98.3,0.593,6.4,26.7,0.22,130.3,98.3,0.602,12.3,27,0.129,126.2
"""2020-2021""",9,Fri Jan 8 2021,Home,Toronto Raptors,Loss,123,144,4,5,L 1,98.9,0.66,10.5,8.6,0.198,124.3,98.9,0.692,10.6,34.3,0.198,145.6
"""2020-2021""",10,Sat Jan 9 2021,Home,Portland Trail Blazers,Loss,99,125,4,6,L 2,104.9,0.457,13.5,12.8,0.309,94.3,104.9,0.525,6.8,18,0.2,119.1
"""2020-2021""",11,Mon Jan 11 2021,Home,Indiana Pacers,Win,127,122,5,6,W 1,103.9,0.649,16.1,20.6,0.214,122.2,103.9,0.552,10.3,21.3,0.155,117.4
"""2020-2021""",12,Wed Jan 13 2021,Home,Portland Trail Blazers,Loss,126,132,5,7,L 1,96.6,0.637,12,23.5,0.226,130.4,96.6,0.617,7.3,26.1,0.233,136.6
"""2020-2021""",13,Fri Jan 15 2021,Home,Los Angeles Clippers,Loss,100,138,5,8,L 2,94.2,0.518,13.1,20.5,0.141,106.2,94.2,0.685,8.4,34.3,0.18,146.5
"""2020-2021""",14,Sun Jan 17 2021,Home,New Orleans Pelicans,Loss,123,128,5,9,L 3,97.7,0.588,9.2,19,0.176,125.9,97.7,0.594,11.5,35.9,0.318,131
"""2020-2021""",15,Wed Jan 20 2021,Away,Los Angeles Clippers,Loss,96,115,5,10,L 4,103.3,0.529,16.5,8.7,0.058,92.9,103.3,0.57,14.6,14.6,0.198,111.3
"""2020-2021""",16,Fri Jan 22 2021,Home,New York Knicks,Win,103,94,6,10,W 1,95.4,0.484,5.6,22.6,0.165,108,95.4,0.41,9.5,27.1,0.181,98.6
"""2020-2021""",17,Wed Jan 27 2021,Away,Orlando Magic,Win,121,107,7,10,W 2,98,0.565,12.7,36.2,0.185,123.4,98,0.469,11.9,34,0.177,109.2
"""2020-2021""",18,Fri Jan 29 2021,Away,Toronto Raptors,Win,126,124,8,10,W 3,100,0.654,19.4,32.4,0.308,126,100,0.564,13,30.8,0.314,124
"""2020-2021""",19,Sat Jan 30 2021,Away,Miami Heat,Loss,104,105,8,11,L 1,92.5,0.582,15.9,28.6,0.059,112.5,92.5,0.539,14.5,23.7,0.286,113.5
"""2020-2021""",20,Mon Feb 1 2021,Away,New Orleans Pelicans,Win,118,109,9,11,W 1,102,0.557,16.7,31,0.227,115.7,102,0.441,8.2,30.4,0.198,106.9
"""2020-2021""",21,Wed Feb 3 2021,Home,Boston Celtics,Win,116,111,10,11,W 2,97.5,0.527,8.9,26.1,0.207,119,97.5,0.517,11.6,25.6,0.256,113.9
"""2020-2021""",22,Sat Feb 6 2021,Home,Denver Nuggets,Win,119,114,11,11,W 3,96.4,0.56,6.4,22.7,0.187,123.5,96.4,0.531,8,27.1,0.113,118.3
"""2020-2021""",23,Sun Feb 7 2021,Away,Los Angeles Clippers,Win,113,110,12,11,W 4,100,0.543,10.7,22.9,0.117,113,100,0.455,7.6,28.1,0.202,110
"""2020-2021""",24,Tue Feb 9 2021,Home,Philadelphia 76ers,Loss,111,119,12,12,L 1,105.9,0.505,9.3,14.5,0.111,104.8,105.9,0.535,14.5,27.9,0.329,112.4
"""2020-2021""",25,Fri Feb 12 2021,Home,Orlando Magic,Loss,112,123,12,13,L 2,99,0.59,16.5,20,0.169,113.1,99,0.588,9.1,22.7,0.176,124.2
"""2020-2021""",26,Sun Feb 14 2021,Home,Memphis Grizzlies,Loss,110,124,12,14,L 3,101.5,0.549,14.6,12.8,0.244,108.4,101.5,0.58,8.9,24.3,0.16,122.2
"""2020-2021""",27,Mon Feb 15 2021,Home,Brooklyn Nets,Loss,125,136,12,15,L 4,97.5,0.594,11.3,36.6,0.115,128.3,97.5,0.725,13.7,25.7,0.079,139.5
"""2020-2021""",28,Thu Feb 18 2021,Home,Miami Heat,Loss,110,118,12,16,L 5,101.7,0.543,13,26,0.097,108.2,101.7,0.579,12.3,20.5,0.084,116
"""2020-2021""",29,Sat Feb 20 2021,Away,Chicago Bulls,Loss,114,122,12,17,L 6,99.5,0.49,6.1,25,0.184,114.5,99.5,0.665,13.6,6.5,0.159,122.6
"""2020-2021""",30,Sun Feb 21 2021,Away,Milwaukee Bucks,Loss,115,128,12,18,L 7,105.2,0.5,9.9,25,0.15,109.3,105.2,0.55,13.8,32.6,0.322,121.7
"""2020-2021""",31,Tue Feb 23 2021,Away,Brooklyn Nets,Loss,118,127,12,19,L 8,100.8,0.603,13.6,13.9,0.149,117.1,100.8,0.59,7.2,23.3,0.247,126
"""2020-2021""",32,Thu Feb 25 2021,Away,New York Knicks,Loss,121,140,12,20,L 9,103.5,0.565,13.9,19,0.294,116.9,103.5,0.695,14.3,25.7,0.218,135.3
"""2020-2021""",33,Fri Feb 26 2021,Away,Detroit Pistons,Win,110,107,13,20,W 1,97.3,0.455,8.5,28.6,0.326,113.1,97.3,0.524,10.3,22.2,0.256,110
"""2020-2021""",34,Sun Feb 28 2021,Home,Charlotte Hornets,Loss,126,127,13,21,L 1,99.5,0.63,9.1,23.1,0.109,126.6,99.5,0.608,14.4,22.6,0.313,127.6
"""2020-2021""",35,Wed Mar 3 2021,Home,Los Angeles Lakers,Win,123,120,14,21,W 1,92.8,0.675,12.8,18.8,0.188,132.5,92.8,0.591,10,38.5,0.108,129.3
"""2020-2021""",36,Thu Mar 4 2021,Away,Portland Trail Blazers,Loss,119,123,14,22,L 1,95.5,0.529,6,36,0.097,124.6,95.5,0.563,7.5,21.4,0.273,128.8
"""2020-2021""",37,Thu Mar 11 2021,Home,Houston Rockets,Win,125,105,15,22,W 1,106.6,0.549,10.3,19,0.261,117.3,106.6,0.47,10.9,18.2,0.121,98.5
"""2020-2021""",38,Sat Mar 13 2021,Away,Atlanta Hawks,Loss,106,121,15,23,L 1,91.3,0.474,10.3,40.7,0.133,116.1,91.3,0.583,7.5,34.2,0.274,132.5
"""2020-2021""",39,Mon Mar 15 2021,Away,Charlotte Hornets,Loss,116,122,15,24,L 2,100.1,0.61,9.7,10,0.128,115.9,100.1,0.543,7.1,20,0.213,121.8
"""2020-2021""",40,Wed Mar 17 2021,Away,Washington Wizards,Win,121,119,16,24,W 1,108,0.495,6.9,12.5,0.312,112,108,0.511,12.4,23.8,0.245,110.2
"""2020-2021""",41,Fri Mar 19 2021,Away,Boston Celtics,Win,107,96,17,24,W 2,93.5,0.531,13.2,25,0.259,114.5,93.5,0.495,13,26.1,0.066,102.7
"""2020-2021""",42,Sat Mar 20 2021,Away,Philadelphia 76ers,Loss,105,129,17,25,L 1,98.8,0.518,7.6,8.5,0.2,106.3,98.8,0.622,9.2,23.7,0.256,130.6
"""2020-2021""",43,Mon Mar 22 2021,Away,Cleveland Cavaliers,Win,119,105,18,25,W 1,100.4,0.617,14.4,25.6,0.089,118.6,100.4,0.448,7,20.4,0.198,104.6
"""2020-2021""",44,Wed Mar 24 2021,Home,Atlanta Hawks,Win,110,108,19,25,W 2,95.1,0.536,14.6,27.9,0.238,115.6,95.1,0.524,12,26.8,0.224,113.5
"""2020-2021""",45,Thu Mar 25 2021,Home,Golden State Warriors,Win,141,119,20,25,W 3,97,0.702,5.8,13.9,0.18,145.4,97,0.608,11.4,17.5,0.136,122.7
"""2020-2021""",46,Sat Mar 27 2021,Home,Cleveland Cavaliers,Win,100,98,21,25,W 4,93.8,0.556,17.3,19.4,0.138,106.6,93.8,0.494,6.9,15.9,0.179,104.4
"""2020-2021""",47,Mon Mar 29 2021,Away,San Antonio Spurs,Win,132,115,22,25,W 5,95.8,0.667,5.9,12.1,0.238,137.7,95.8,0.559,10,26.7,0.118,120
"""2020-2021""",48,Wed Mar 31 2021,Away,San Antonio Spurs,Loss,106,120,22,26,L 1,99.5,0.484,10.7,21.6,0.185,106.5,99.5,0.522,8.5,30.4,0.261,120.6
"""2020-2021""",49,Fri Apr 2 2021,Home,Los Angeles Lakers,Loss,94,115,22,27,L 2,100,0.482,13.2,12.5,0.141,94,100,0.566,14.6,28.9,0.132,115
"""2020-2021""",50,Sat Apr 3 2021,Home,Milwaukee Bucks,Loss,128,129,22,28,L 3,101.4,0.581,10.3,25.5,0.131,126.3,101.4,0.597,11.3,30,0.194,127.3
"""2020-2021""",51,Mon Apr 5 2021,Away,Minnesota Timberwolves,Loss,106,116,22,29,L 4,100.2,0.494,12.4,21.7,0.216,105.8,100.2,0.484,11.7,31.9,0.308,115.8
"""2020-2021""",52,Thu Apr 8 2021,Home,Detroit Pistons,Loss,101,113,22,30,L 5,100.7,0.483,11,14.3,0.209,100.3,100.7,0.571,14.7,17.9,0.202,112.2
"""2020-2021""",53,Sat Apr 10 2021,Away,Utah Jazz,Loss,112,128,22,31,L 6,100.9,0.557,9.3,8.9,0.159,111,100.9,0.557,8.8,24.4,0.341,126.8
"""2020-2021""",54,Mon Apr 12 2021,Away,New Orleans Pelicans,Loss,110,117,22,32,L 7,105,0.489,8.6,16,0.244,104.7,105,0.584,18.2,25.7,0.351,111.4
"""2020-2021""",55,Wed Apr 14 2021,Home,Washington Wizards,Loss,111,123,22,33,L 8,110.2,0.511,14.3,10.6,0.198,100.8,110.2,0.561,19.1,35.9,0.244,111.7
"""2020-2021""",56,Thu Apr 15 2021,Away,Phoenix Suns,Loss,114,122,22,34,L 9,94,0.641,14.8,12.1,0.179,121.3,94,0.64,10.7,26.3,0.14,129.8
"""2020-2021""",57,Sun Apr 18 2021,Away,Dallas Mavericks,Win,121,107,23,34,W 1,95.2,0.556,5.7,23.8,0.247,127.2,95.2,0.54,12.8,23.8,0.149,112.4
"""2020-2021""",58,Tue Apr 20 2021,Home,Minnesota Timberwolves,Loss,120,134,23,35,L 1,100.7,0.546,8.8,25.5,0.144,119.2,100.7,0.667,15.5,31.6,0.156,133.1
"""2020-2021""",59,Wed Apr 21 2021,Home,Minnesota Timberwolves,Win,128,125,24,35,W 1,100.7,0.546,8.8,25.5,0.144,119.2,100.7,0.667,15.5,31.6,0.156,133.1
"""2020-2021""",60,Sun Apr 25 2021,Away,Golden State Warriors,Loss,113,117,24,36,L 1,98.2,0.558,9.5,14.3,0.198,115.1,98.2,0.558,13.6,35.4,0.116,119.2
"""2020-2021""",61,Mon Apr 26 2021,Home,Dallas Mavericks,Win,113,106,25,36,W 1,92.2,0.599,15.2,29.7,0.198,122.6,92.2,0.533,9.2,28.6,0.087,115
"""2020-2021""",62,Wed Apr 28 2021,Home,Utah Jazz,Loss,105,154,25,37,L 1,100.3,0.523,11.3,7.1,0.161,104.7,100.3,0.779,12,27.6,0.233,153.5
"""2020-2021""",63,Fri Apr 30 2021,Away,Los Angeles Lakers,Win,110,106,26,37,W 1,99.1,0.523,15.1,25.6,0.233,110.9,99.1,0.548,18.5,29.7,0.181,106.9
"""2020-2021""",64,Sun May 2 2021,Away,Dallas Mavericks,Win,111,99,27,37,W 2,95.9,0.623,17.8,22.9,0.123,115.8,95.9,0.457,14.5,30.2,0.309,103.2
"""2020-2021""",65,Tue May 4 2021,Away,Oklahoma City Thunder,Win,103,99,28,37,W 3,99.6,0.474,10.5,18.4,0.137,103.4,99.6,0.413,7.6,29.8,0.184,99.4
"""2020-2021""",66,Wed May 5 2021,Away,Indiana Pacers,Win,104,93,29,37,W 4,99.6,0.495,9.8,24,0.105,104.5,99.6,0.488,19.6,21.7,0.145,93.4
"""2020-2021""",67,Fri May 7 2021,Home,San Antonio Spurs,Loss,104,113,29,38,L 1,101.3,0.565,15,9.8,0.107,102.6,101.3,0.539,11.8,18.4,0.191,111.5
"""2020-2021""",68,Sun May 9 2021,Home,Oklahoma City Thunder,Win,126,98,30,38,W 1,99.9,0.624,12.8,24.3,0.235,126.1,99.9,0.454,12.3,19.2,0.218,98.1
"""2020-2021""",69,Tue May 11 2021,Home,Oklahoma City Thunder,Win,122,106,31,38,W 2,102.7,0.622,13.7,14.3,0.174,118.8,102.7,0.518,15.7,20.9,0.226,103.3
"""2020-2021""",70,Thu May 13 2021,Away,Memphis Grizzlies,Loss,110,116,31,39,L 1,97.2,0.526,8.9,26.5,0.094,113.1,97.2,0.561,15.5,35.3,0.167,119.3
"""2020-2021""",71,Fri May 14 2021,Away,Memphis Grizzlies,Loss,106,107,31,40,L 2,101.3,0.438,8.5,25.9,0.229,104.7,101.3,0.506,11.6,17.6,0.262,105.6
"""2020-2021""",72,Sun May 16 2021,Home,Utah Jazz,Loss,99,121,31,41,L 3,101.2,0.517,11.3,10.9,0.067,97.9,101.2,0.581,14.2,20.9,0.244,119.6
"""2021-2022""",1,Wed Oct 20 2021,Away,Portland Trail Blazers,Win,124,121,1,0,W 1,104.6,0.549,8.7,14.9,0.25,118.6,104.6,0.548,10.5,20,0.204,115.7
"""2021-2022""",2,Fri Oct 22 2021,Home,Utah Jazz,Loss,101,110,1,1,L 1,102.3,0.434,12.2,29.6,0.152,98.8,102.3,0.5,14.5,26.5,0.222,107.6
"""2021-2022""",3,Sun Oct 24 2021,Home,Golden State Warriors,Loss,107,119,1,2,L 2,97.4,0.576,17.2,25.6,0.093,109.8,97.4,0.51,5.3,27.5,0.206,122.1
"""2021-2022""",4,Wed Oct 27 2021,Away,Phoenix Suns,Win,110,107,2,2,W 1,100,0.521,9.8,16,0.116,110,100,0.484,9.6,30.4,0.183,107
"""2021-2022""",5,Fri Oct 29 2021,Away,New Orleans Pelicans,Win,113,109,3,2,W 2,102.3,0.556,13.3,7.7,0.3,110.5,102.3,0.474,8.4,23.6,0.163,106.6
"""2021-2022""",6,Sun Oct 31 2021,Away,Dallas Mavericks,Loss,99,105,3,3,L 1,95.9,0.432,10.3,32.7,0.167,103.2,95.9,0.511,8.3,20.4,0.144,109.5
"""2021-2022""",7,Tue Nov 2 2021,Away,Utah Jazz,Loss,113,119,3,4,L 2,106.5,0.516,9.6,12,0.183,106.1,106.5,0.51,12.7,31.9,0.194,111.7
"""2021-2022""",8,Wed Nov 3 2021,Home,New Orleans Pelicans,Win,112,99,4,4,W 1,95,0.588,8.2,11.1,0.225,117.9,95,0.5,14.7,19.5,0.151,104.2
"""2021-2022""",9,Fri Nov 5 2021,Home,Charlotte Hornets,Win,140,110,5,4,W 2,101.3,0.678,15.5,38.2,0.253,138.3,101.3,0.527,9,14,0.141,108.6
"""2021-2022""",10,Sun Nov 7 2021,Home,Indiana Pacers,Loss,91,94,5,5,L 1,94,0.429,11.4,16.3,0.226,96.9,94,0.482,17.3,34.2,0.169,100.1
"""2021-2022""",11,Mon Nov 8 2021,Home,Phoenix Suns,Loss,104,109,5,6,L 2,106.2,0.512,20.4,19.5,0.244,98,106.2,0.538,12.5,11.6,0.097,102.7
"""2021-2022""",12,Wed Nov 10 2021,Away,San Antonio Spurs,Loss,117,136,5,7,L 3,100.1,0.571,13.3,26.2,0.143,116.9,100.1,0.63,7,26.7,0.217,135.9
"""2021-2022""",13,Fri Nov 12 2021,Away,Oklahoma City Thunder,Loss,103,105,5,8,L 4,98.7,0.474,11.3,23.4,0.137,104.3,98.7,0.475,8.7,29.6,0.111,106.4
"""2021-2022""",14,Mon Nov 15 2021,Away,Detroit Pistons,Win,129,107,6,8,W 1,101.8,0.612,11.2,26.2,0.092,126.8,101.8,0.474,14.1,30.8,0.167,105.1
"""2021-2022""",15,Wed Nov 17 2021,Away,Minnesota Timberwolves,Loss,97,107,6,9,L 1,92.6,0.419,13.3,44.4,0.204,104.7,92.6,0.561,15.9,27,0.183,115.5
"""2021-2022""",16,Fri Nov 19 2021,Home,Toronto Raptors,Loss,89,108,6,10,L 2,93.7,0.435,12,21.6,0.19,95,93.7,0.524,12.9,31,0.238,115.3
"""2021-2022""",17,Sat Nov 20 2021,Home,Utah Jazz,Loss,105,123,6,11,L 3,95.2,0.505,7.4,17.4,0.143,110.3,95.2,0.599,10,34.1,0.154,129.2
"""2021-2022""",18,Mon Nov 22 2021,Home,Philadelphia 76ers,Loss,94,102,6,12,L 4,91.7,0.456,12.3,24.4,0.263,102.5,91.7,0.476,6.7,22.4,0.247,111.3
"""2021-2022""",19,Wed Nov 24 2021,Home,Portland Trail Blazers,Win,125,121,7,12,W 1,100,0.593,12.2,31.8,0.267,124.9,100,0.532,11,31,0.223,121
"""2021-2022""",20,Fri Nov 26 2021,Away,Los Angeles Lakers,Win,141,137,8,12,W 2,94.2,0.508,8.9,27.6,0.158,114,94.2,0.574,14.3,18.4,0.196,110.8
"""2021-2022""",21,Sun Nov 28 2021,Away,Memphis Grizzlies,Loss,101,128,8,13,L 1,106.2,0.387,6.6,18.2,0.268,95.1,106.2,0.543,7.4,27.5,0.144,120.5
"""2021-2022""",22,Tue Nov 30 2021,Home,Los Angeles Lakers,Loss,92,117,8,14,L 2,99.8,0.481,17.6,19.6,0.203,92.2,99.8,0.56,12.2,24.4,0.152,117.2
"""2021-2022""",23,Wed Dec 1 2021,Away,Los Angeles Clippers,Win,124,115,9,14,W 1,98.1,0.608,10.2,17.9,0.193,126.4,98.1,0.515,9.3,35.4,0.12,117.2
"""2021-2022""",24,Sat Dec 4 2021,Home,Los Angeles Clippers,Win,104,99,10,14,W 2,102.5,0.488,13.4,22.4,0.233,101.5,102.5,0.455,14.4,18.4,0.202,96.6
"""2021-2022""",25,Wed Dec 8 2021,Home,Orlando Magic,Win,142,130,11,14,W 3,99.9,0.624,6.9,31.6,0.216,142.2,99.9,0.577,10.1,35.4,0.186,130.2
"""2021-2022""",26,Fri Dec 10 2021,Away,Charlotte Hornets,Loss,123,124,11,15,L 1,98.2,0.545,11.4,41.7,0.129,125.3,98.2,0.632,13.5,28.2,0.161,126.3
"""2021-2022""",27,Sat Dec 11 2021,Away,Cleveland Cavaliers,Loss,103,117,11,16,L 2,106,0.478,14.2,21.6,0.151,97.2,106,0.534,12.2,15.9,0.261,110.4
"""2021-2022""",28,Mon Dec 13 2021,Away,Toronto Raptors,Loss,101,124,11,17,L 3,100.1,0.463,14.1,33.3,0.149,100.9,100.1,0.597,7.2,19,0.071,123.8
"""2021-2022""",29,Wed Dec 15 2021,Home,Washington Wizards,Win,119,105,12,17,W 1,98.5,0.598,10.4,15.8,0.256,120.8,98.5,0.5,9.2,17.5,0.18,106.6
"""2021-2022""",30,Fri Dec 17 2021,Home,Memphis Grizzlies,Loss,105,124,12,18,L 1,104.7,0.483,15.3,20.8,0.227,100.3,104.7,0.531,9.2,25.5,0.216,118.4
"""2021-2022""",31,Sun Dec 19 2021,Home,San Antonio Spurs,Win,121,114,13,18,W 1,95.8,0.582,10,26.2,0.165,126.3,95.8,0.56,12.6,31,0.132,119
"""2021-2022""",32,Mon Dec 20 2021,Away,Golden State Warriors,Loss,98,113,13,19,L 1,98.6,0.524,17.4,15.8,0.133,99.4,98.6,0.608,14.8,24.4,0.068,114.6
"""2021-2022""",33,Wed Dec 22 2021,Home,Los Angeles Clippers,Loss,89,105,13,20,L 2,95.5,0.471,15.1,15.9,0.106,93.2,95.5,0.555,11.9,15.4,0.171,110
"""2021-2022""",34,Sun Dec 26 2021,Home,Memphis Grizzlies,Loss,102,127,13,21,L 3,99.9,0.481,16.2,20.9,0.296,102.1,99.9,0.515,8.9,39.6,0.24,127.1
"""2021-2022""",35,Tue Dec 28 2021,Home,Oklahoma City Thunder,Win,117,111,14,21,W 1,103.5,0.511,8.6,22.9,0.211,113,103.5,0.45,7.8,14.8,0.333,107.2
"""2021-2022""",36,Wed Dec 29 2021,Home,Dallas Mavericks,Win,95,94,15,21,W 2,87.8,0.547,14.6,19.4,0.173,108.2,87.8,0.525,11.3,18.4,0.111,107.1
"""2021-2022""",37,Fri Dec 31 2021,Home,Dallas Mavericks,Loss,96,112,15,22,L 1,92.3,0.473,9.4,17.8,0.11,104,92.3,0.574,10.8,28.6,0.235,121.3
"""2021-2022""",38,Sun Jan 2 2022,Home,Miami Heat,Win,115,113,16,22,W 1,96.7,0.596,15.1,18.4,0.282,118.9,96.7,0.481,7.5,36,0.114,116.9
"""2021-2022""",39,Tue Jan 4 2022,Away,Los Angeles Lakers,Loss,114,122,16,23,L 1,97.7,0.602,16.5,23.1,0.169,116.7,97.7,0.551,4.4,28,0.131,124.9
"""2021-2022""",40,Wed Jan 5 2022,Home,Atlanta Hawks,Loss,102,108,16,24,L 2,97.4,0.483,10,20.8,0.167,104.8,97.4,0.5,9.2,21.3,0.256,110.9
"""2021-2022""",41,Fri Jan 7 2022,Away,Denver Nuggets,Loss,111,121,16,25,L 3,97.6,0.495,9.7,25,0.217,113.7,97.6,0.624,6.8,12.5,0.176,124
"""2021-2022""",42,Sun Jan 9 2022,Away,Portland Trail Blazers,Loss,88,103,16,26,L 4,97.2,0.429,11.3,17.4,0.176,90.6,97.2,0.517,14.5,20.8,0.136,106
"""2021-2022""",43,Mon Jan 10 2022,Home,Cleveland Cavaliers,Loss,108,109,16,27,L 5,93,0.505,9,30.6,0.176,116.1,93,0.552,14.6,33.3,0.149,117.2
"""2021-2022""",44,Wed Jan 12 2022,Home,Los Angeles Lakers,Win,125,116,17,27,W 1,99.5,0.612,11,21.1,0.18,125.7,99.5,0.51,7.7,28.8,0.163,116.6
"""2021-2022""",45,Fri Jan 14 2022,Home,Houston Rockets,Win,126,114,18,27,W 2,107.3,0.568,11.6,26,0.177,117.4,107.3,0.5,12.9,24.5,0.129,106.2
"""2021-2022""",46,Sun Jan 16 2022,Home,Houston Rockets,Loss,112,118,18,28,L 1,104.2,0.516,10.6,14,0.198,107.5,104.2,0.645,20.3,11.8,0.263,113.3
"""2021-2022""",47,Wed Jan 19 2022,Home,Detroit Pistons,Loss,131,133,18,29,L 2,97.2,0.595,6.3,22.2,0.369,134.7,97.2,0.588,7.1,32.5,0.286,136.8
"""2021-2022""",48,Sat Jan 22 2022,Away,Milwaukee Bucks,Loss,127,133,18,30,L 3,100.9,0.603,11.9,27.7,0.103,125.9,100.9,0.61,6.4,20.5,0.242,131.9
"""2021-2022""",49,Tue Jan 25 2022,Away,Boston Celtics,Loss,75,128,18,31,L 4,95.7,0.337,9,23.1,0.116,78.4,95.7,0.592,9.4,36.2,0.058,133.8
"""2021-2022""",50,Wed Jan 26 2022,Away,Atlanta Hawks,Loss,104,121,18,32,L 5,99.6,0.484,10.6,19.2,0.151,104.4,99.6,0.6,7.6,15.8,0.144,121.5
"""2021-2022""",51,Sat Jan 29 2022,Away,Philadelphia 76ers,Loss,101,103,18,33,L 6,93,0.512,12.5,23.3,0.207,108.6,93,0.6,17.3,8.3,0.271,110.8
"""2021-2022""",52,Mon Jan 31 2022,Away,New York Knicks,Loss,96,116,18,34,L 7,99.9,0.494,14.3,18.8,0.128,96.1,99.9,0.581,15.5,22.9,0.288,116.1
"""2021-2022""",53,Wed Feb 2 2022,Home,Brooklyn Nets,Win,112,101,19,34,W 1,92.3,0.516,9.8,33.3,0.172,121.4,92.3,0.536,12.6,23.3,0.131,109.5
"""2021-2022""",54,Thu Feb 3 2022,Away,Golden State Warriors,Loss,114,126,19,35,L 1,95.8,0.594,14.3,13.9,0.238,119,95.8,0.679,14.1,31,0.143,131.5
"""2021-2022""",55,Sat Feb 5 2022,Home,Oklahoma City Thunder,Win,113,103,20,35,W 1,99.9,0.59,13.9,17.1,0.181,113.2,99.9,0.534,13,14.9,0.115,103.1
"""2021-2022""",56,Tue Feb 8 2022,Home,Minnesota Timberwolves,Loss,114,134,20,36,L 1,105.2,0.548,16.7,13.2,0.277,108.4,105.2,0.587,9.7,32.7,0.115,127.4
"""2021-2022""",57,Wed Feb 9 2022,Home,Minnesota Timberwolves,Win,132,119,21,36,W 1,105.4,0.581,11,28.2,0.258,125.2,105.4,0.531,8.6,13,0.153,112.9
"""2021-2022""",58,Sat Feb 12 2022,Away,Washington Wizards,Win,123,110,22,36,W 2,94.3,0.645,13.6,21.4,0.329,130.5,94.3,0.54,8.5,21.7,0.17,116.7
"""2021-2022""",59,Mon Feb 14 2022,Away,Brooklyn Nets,Loss,85,109,22,37,L 1,100.7,0.394,15.5,20.4,0.156,84.4,100.7,0.565,15,15.8,0.167,108.2
"""2021-2022""",60,Wed Feb 16 2022,Away,Chicago Bulls,Loss,118,125,22,38,L 2,97.9,0.583,12.2,17.1,0.238,120.6,97.9,0.564,9.7,31,0.202,127.7
"""2021-2022""",61,Thu Feb 24 2022,Home,Denver Nuggets,Loss,110,128,22,39,L 3,103.8,0.552,13.8,14.3,0.174,105.9,103.8,0.645,14.4,9.7,0.198,123.3
"""2021-2022""",62,Sat Feb 26 2022,Away,Denver Nuggets,Loss,110,115,22,40,L 4,102.6,0.478,10.4,18,0.281,107.2,102.6,0.561,11.2,10,0.28,112
"""2021-2022""",63,Mon Feb 28 2022,Away,Oklahoma City Thunder,Win,131,110,23,40,W 1,104.5,0.621,13.8,26.2,0.264,125.4,104.5,0.529,14,16.7,0.221,105.3
"""2021-2022""",64,Wed Mar 2 2022,Away,New Orleans Pelicans,Loss,95,125,23,41,L 1,98.5,0.438,9.9,21.8,0.191,96.4,98.5,0.653,13.9,21.2,0.114,126.9
"""2021-2022""",65,Thu Mar 3 2022,Away,San Antonio Spurs,Win,115,112,24,41,W 1,102.2,0.518,11.6,20.9,0.318,112.6,102.2,0.559,9.9,13,0.086,109.6
"""2021-2022""",66,Sat Mar 5 2022,Away,Dallas Mavericks,Loss,113,114,24,42,L 1,98.2,0.537,12.1,25.6,0.128,115.1,98.2,0.56,9.4,22.2,0.238,116.1
"""2021-2022""",67,Mon Mar 7 2022,Home,New York Knicks,Loss,115,131,24,43,L 2,100.4,0.556,10.3,9.5,0.325,114.5,100.4,0.609,7.3,20,0.207,130.5
"""2021-2022""",68,Wed Mar 9 2022,Home,Denver Nuggets,Loss,100,106,24,44,L 3,99.2,0.518,14.7,16.3,0.141,100.8,99.2,0.543,18.1,25,0.207,106.9
"""2021-2022""",69,Sat Mar 12 2022,Away,Utah Jazz,Loss,125,134,24,45,L 4,97.8,0.569,6.3,19,0.191,127.8,97.8,0.651,8.3,28.6,0.256,137
"""2021-2022""",70,Mon Mar 14 2022,Home,Chicago Bulls,Win,112,103,25,45,W 1,99,0.537,13.8,18.4,0.293,113.1,99,0.466,11.7,19.1,0.239,104
"""2021-2022""",71,Wed Mar 16 2022,Home,Milwaukee Bucks,Loss,126,135,25,46,L 1,106.7,0.574,12.7,15.2,0.191,118.1,106.7,0.629,9.6,20,0.258,126.5
"""2021-2022""",72,Fri Mar 18 2022,Home,Boston Celtics,Loss,97,126,25,47,L 2,95.5,0.5,15.2,17.8,0.228,101.5,95.5,0.695,12.7,17.1,0.146,131.9
"""2021-2022""",73,Sun Mar 20 2022,Home,Phoenix Suns,Loss,124,127,25,48,L 3,99,0.516,12.3,18.4,0.33,113.5,99,0.565,14.1,23.3,0.25,116.2
"""2021-2022""",74,Wed Mar 23 2022,Away,Indiana Pacers,Win,110,109,26,48,W 1,99,0.598,15.2,11.1,0.146,111.1,99,0.538,13.5,23.8,0.121,110.1
"""2021-2022""",75,Sat Mar 26 2022,Away,Orlando Magic,Win,114,110,27,48,W 2,93.7,0.485,11.4,30,0.194,110.2,93.7,0.486,9.9,26.8,0.066,106.3
"""2021-2022""",76,Mon Mar 28 2022,Away,Miami Heat,Loss,100,123,27,49,L 1,96.1,0.531,13.6,11.6,0.173,104,96.1,0.65,13.9,27,0.067,127.9
"""2021-2022""",77,Wed Mar 30 2022,Away,Houston Rockets,Win,121,118,28,49,W 1,105.3,0.5,7.5,25,0.274,114.9,105.3,0.527,13.9,27.9,0.202,112.1
"""2021-2022""",78,Fri Apr 1 2022,Away,Houston Rockets,Win,122,117,29,49,W 2,99.8,0.593,11.9,21.1,0.321,122.3,99.8,0.51,8.4,27.8,0.186,117.3
"""2021-2022""",79,Sun Apr 3 2022,Home,Golden State Warriors,Loss,90,109,29,50,L 1,93.9,0.426,11.6,13,0.259,95.9,93.9,0.62,14.9,19.4,0.139,116.1
"""2021-2022""",80,Tue Apr 5 2022,Home,New Orleans Pelicans,Loss,109,123,29,51,L 2,96.6,0.586,14.9,9.1,0.263,112.8,96.6,0.58,11.6,31.1,0.239,127.3
"""2021-2022""",81,Sat Apr 9 2022,Away,Los Angeles Clippers,Loss,98,117,29,52,L 3,99.1,0.483,11.9,15.6,0.174,98.9,99.1,0.61,14.7,22.2,0.14,118.1
"""2021-2022""",82,Sun Apr 10 2022,Away,Phoenix Suns,Win,116,109,30,52,W 1,98.9,0.618,13.6,5.9,0.289,117.3,98.9,0.476,8.4,32.1,0.107,110.2